{"episode_reward": [-96.61331003739446, -95.42704336778209, -98.85792002861203, -94.5091867997612, -94.16144137454914, -95.43586712015835, -81.46735372325898, -96.9851543373189, -97.20548861912634, -98.48418051574161, -85.90938240400574, -91.63115489819734, -80.92572598552509, -74.65949278509099, -76.03136326462959, -76.97582527550925], "nb_steps": [80, 160, 240, 320, 400, 480, 560, 640, 720, 800, 880, 960, 1040, 1120, 1200, 1280], "mean_absolute_error": [NaN, NaN, NaN, NaN, NaN, NaN, NaN, NaN, NaN, NaN, NaN, NaN, 53.92624289332292, 1.1447237730026245, 1.3528447151184082, 2.0230512619018555], "loss": [NaN, NaN, NaN, NaN, NaN, NaN, NaN, NaN, NaN, NaN, NaN, NaN, 11637.797122634327, 1.8507474660873413, 2.7411863803863525, 5.25260066986084], "nb_episode_steps": [80, 80, 80, 80, 80, 80, 80, 80, 80, 80, 80, 80, 80, 80, 80, 80], "duration": [17.670201063156128, 18.011796951293945, 17.482388019561768, 19.59743094444275, 19.119473934173584, 18.616432905197144, 19.008949041366577, 18.809104919433594, 18.464890956878662, 18.218212842941284, 18.461250066757202, 18.354093074798584, 170.38333797454834, 268.5389358997345, 267.4310779571533, 279.502897977829], "episode": [0, 1, 2, 3, 4, 5, 6, 7, 8, 9, 10, 11, 12, 13, 14, 15], "mean_q": [NaN, NaN, NaN, NaN, NaN, NaN, NaN, NaN, NaN, NaN, NaN, NaN, -23.993992771857823, -9.26118278503418, -17.199546813964844, -23.020706176757812]}